,City,Country,Lat,Lng,Max Temp,Humidity,Cloudiness,Wind Speed,Current Description
0,Ostrovnoy,RU,68.0531,39.5131,35.29,98,100,13.49,overcast clouds
1,Thompson,CA,55.7435,-97.8558,28.4,43,75,6.91,broken clouds
2,Vaini,TO,-21.2,-175.2,78.8,89,75,9.22,light rain
3,Saint George,US,37.1041,-113.5841,70.0,27,1,3.44,clear sky
4,Hithadhoo,MV,-0.6,73.0833,80.15,83,100,30.65,heavy intensity rain
5,Fairbanks,US,64.8378,-147.7164,10.0,66,1,5.75,clear sky
6,Airai,TL,-8.9266,125.4092,60.28,95,100,2.35,overcast clouds
7,Syracuse,IT,37.0881,15.2792,59.0,82,0,9.22,clear sky
8,Punta Arenas,CL,-53.15,-70.9167,55.4,41,0,16.11,clear sky
9,Grand Gaube,MU,-20.0064,57.6608,78.01,79,1,2.24,clear sky
10,Albany,US,42.6001,-73.9662,52.0,88,100,9.06,light rain
11,Mitsamiouli,KM,-11.3847,43.2844,83.21,70,47,5.06,scattered clouds
12,Mao,ES,39.8885,4.2658,53.6,87,0,8.05,clear sky
13,Faya,SA,18.3851,42.4509,64.4,72,0,1.45,clear sky
14,Kargasok,RU,59.0556,80.8572,20.41,94,100,8.99,overcast clouds
15,Butaritari,KI,3.0707,172.7902,81.46,74,74,12.82,broken clouds
16,Bluff,NZ,-46.6,168.3333,53.01,98,96,7.81,overcast clouds
17,Barrow,US,71.2906,-156.7887,-25.6,68,20,10.36,few clouds
18,Ushuaia,AR,-54.8,-68.3,46.4,61,40,25.32,scattered clouds
19,New Norfolk,AU,-42.7826,147.0587,52.0,61,67,1.99,broken clouds
20,Dryden,CA,49.7833,-92.7503,33.8,34,40,9.22,scattered clouds
21,Akyab,MM,20.15,92.9,78.69,75,81,6.26,broken clouds
22,Arraial Do Cabo,BR,-22.9661,-42.0278,86.0,74,20,9.22,few clouds
23,Los Llanos De Aridane,ES,28.6585,-17.9182,66.2,72,20,10.36,few clouds
24,Pacific Grove,US,36.6177,-121.9166,60.8,59,1,5.75,clear sky
25,Lavrentiya,RU,65.5833,-171.0,9.19,94,100,20.04,snow
26,Nuuk,GL,64.1835,-51.7216,10.4,72,20,12.66,few clouds
27,Port Elizabeth,ZA,-33.918,25.5701,64.4,77,0,13.8,clear sky
28,Nome,US,64.5011,-165.4064,12.99,85,90,31.07,snow
29,Neijiang,CN,29.5835,105.0622,64.31,52,1,6.78,clear sky
30,Oudtshoorn,ZA,-33.5907,22.2014,59.0,94,0,6.91,clear sky
31,Port Alfred,ZA,-33.5906,26.891,65.84,73,100,19.24,overcast clouds
32,San Vicente,AR,-26.6167,-54.1333,71.47,83,97,3.09,overcast clouds
33,Aginskoye,RU,51.1,114.53,20.55,77,2,6.4,clear sky
34,Chokurdakh,RU,70.6333,147.9167,-16.42,100,98,4.68,overcast clouds
35,Busselton,AU,-33.65,115.3333,55.0,94,0,6.6,clear sky
36,Chicama,PE,-7.8447,-79.1469,73.4,78,0,10.36,clear sky
37,Yellowknife,CA,62.456,-114.3525,25.0,42,75,17.27,broken clouds
38,Hilo,US,19.7297,-155.09,68.0,88,90,6.91,light rain
39,Mgandu,TZ,-5.95,34.1333,60.84,90,69,2.24,broken clouds
40,Touros,BR,-5.1989,-35.4608,86.0,66,40,12.66,scattered clouds
41,Panguna,PG,-6.3164,155.4848,67.17,95,47,2.66,scattered clouds
42,Camacha,PT,33.0833,-16.3333,62.6,82,20,9.22,few clouds
43,Saint-Philippe,RE,-21.3585,55.7679,78.8,78,0,6.91,clear sky
44,Nikolskoye,RU,59.7035,30.7861,41.0,87,90,2.24,light rain
45,Manbij,SY,36.5281,37.9549,42.8,65,0,8.95,clear sky
46,Kyshtovka,RU,56.555,76.6271,26.87,98,100,3.71,light snow
47,Sept-Iles,CA,50.2001,-66.3821,30.0,74,90,17.27,overcast clouds
48,Vanimo,PG,-2.6741,141.3028,76.53,87,100,4.38,overcast clouds
49,Bredasdorp,ZA,-34.5322,20.0403,62.6,82,100,13.8,overcast clouds
50,Elko,US,41.0002,-115.5012,60.8,25,1,11.5,clear sky
51,Mataram,ID,-8.5833,116.1167,75.2,94,75,5.12,moderate rain
52,Paamiut,GL,61.994,-49.6678,16.2,67,0,20.04,clear sky
53,Hambantota,LK,6.1241,81.1185,73.4,100,90,3.44,light rain
54,Amalapuram,IN,16.5833,82.0167,75.52,90,3,0.94,clear sky
55,Tefe,BR,-3.3542,-64.7114,78.8,89,75,10.36,broken clouds
56,Talnakh,RU,69.4865,88.3972,-12.8,96,60,2.73,broken clouds
57,Vao,NC,-22.6667,167.4833,77.45,81,10,14.85,clear sky
58,Cidreira,BR,-30.1811,-50.2056,78.3,72,38,4.27,scattered clouds
59,Puerto Ayora,EC,-0.7393,-90.3518,82.4,78,20,11.5,few clouds
60,Avarua,CK,-21.2078,-159.775,80.6,83,75,12.66,broken clouds
61,Shu,KZ,43.5983,73.7614,50.0,81,100,11.01,overcast clouds
62,Ponta Do Sol,PT,32.6667,-17.1,62.01,65,74,1.99,broken clouds
63,Tuktoyaktuk,CA,69.4541,-133.0374,-16.6,76,75,13.8,snow
64,Yatou,CN,37.15,122.3833,45.55,52,94,8.05,overcast clouds
65,Rikitea,PF,-23.1203,-134.9692,79.14,71,6,15.43,clear sky
66,Rijeka,HR,45.3431,14.4092,50.0,87,0,3.44,clear sky
67,Hualmay,PE,-11.0964,-77.6139,74.35,74,68,9.71,broken clouds
68,Oranjestad,AW,12.524,-70.027,84.2,65,40,26.46,scattered clouds
69,Udachnyy,RU,66.4167,112.4,11.39,96,100,4.92,overcast clouds
70,Kaitangata,NZ,-46.2817,169.8464,53.13,95,66,3.0,broken clouds
71,Sao Filipe,CV,14.8961,-24.4956,69.66,73,25,16.2,scattered clouds
72,Mataura,NZ,-46.1927,168.8643,53.01,98,75,2.17,broken clouds
73,Nchelenge,ZM,-9.3451,28.734,70.03,85,100,4.43,light rain
74,Kapaa,US,22.0752,-159.319,73.99,68,20,19.57,few clouds
75,Severo-Kurilsk,RU,50.6789,156.125,25.48,78,8,12.73,clear sky
76,Khatanga,RU,71.9667,102.5,-2.78,98,100,6.69,overcast clouds
77,San Jeronimo,PE,-11.9472,-75.2829,59.95,61,100,5.86,overcast clouds
78,Port Lincoln,AU,-34.7333,135.8667,60.6,82,2,7.38,clear sky
79,Lebu,CL,-37.6167,-73.65,61.97,72,0,13.49,clear sky
80,San Patricio,US,28.017,-97.5169,69.8,37,40,10.36,scattered clouds
81,Clyde River,CA,70.4692,-68.5914,-4.0,84,20,10.36,few clouds
82,Mar Del Plata,AR,-38.0023,-57.5575,68.0,83,40,14.97,scattered clouds
83,Viedma,AR,-40.8135,-62.9967,79.21,13,100,5.99,overcast clouds
84,Vestmannaeyjar,IS,63.4427,-20.2734,34.77,52,52,8.57,broken clouds
85,Mehamn,NO,71.0357,27.8492,32.0,80,0,9.22,clear sky
86,Namatanai,PG,-3.6667,152.4333,78.8,80,78,8.37,light rain
87,Bengkulu,ID,-3.8004,102.2655,77.27,90,100,4.12,overcast clouds
88,Jalu,LY,29.0331,21.5482,62.04,31,60,6.33,broken clouds
89,Muros,ES,42.7762,-9.0603,62.6,45,0,4.61,clear sky
90,Malatya,TR,38.5,38.0,32.0,80,0,6.91,clear sky
91,Statesville,US,35.7826,-80.8873,68.0,77,90,14.97,overcast clouds
92,Jamestown,US,42.097,-79.2353,48.0,81,90,17.18,overcast clouds
93,Cockburn Town,TC,21.4612,-71.1419,80.6,65,40,18.41,scattered clouds
94,Taltal,CL,-25.4,-70.4833,67.37,68,23,4.92,few clouds
95,Carnarvon,AU,-24.8667,113.6333,73.4,94,0,3.65,clear sky
96,Atuona,PF,-9.8,-139.0333,81.1,72,100,17.69,overcast clouds
97,Wattegama,LK,6.7989,81.4808,73.4,100,90,3.44,overcast clouds
98,Dikson,RU,73.5069,80.5464,-25.04,100,96,6.93,overcast clouds
99,Itapeva,BR,-23.9822,-48.8756,80.15,65,100,6.06,overcast clouds
100,Sechura,PE,-5.5569,-80.8222,81.66,55,80,14.43,broken clouds
101,Bacalar,MX,18.6667,-88.3833,87.01,62,40,20.71,scattered clouds
102,Komsomolskiy,UZ,40.4272,71.7189,50.0,93,75,2.3,broken clouds
103,Naze,JP,28.3667,129.4833,63.21,83,38,5.39,scattered clouds
104,Fortuna,US,40.5982,-124.1573,48.2,100,75,10.36,broken clouds
105,Betanzos,ES,43.2804,-8.2147,60.8,48,0,2.3,clear sky
106,Ribeira Grande,PT,38.5167,-28.7,60.8,77,40,17.27,scattered clouds
107,Georgetown,MY,5.4112,100.3354,78.8,94,20,1.14,few clouds
108,Mount Darwin,ZW,-16.7725,31.5838,66.11,91,85,4.32,light rain
109,Gazimurskiy Zavod,RU,51.5461,118.3266,17.02,96,91,4.68,overcast clouds
110,Hermanus,ZA,-34.4187,19.2345,66.99,74,100,4.0,overcast clouds
111,The Valley,AI,18.217,-63.0578,82.4,83,75,20.71,broken clouds
112,Quatre Cocos,MU,-20.2078,57.7625,78.01,88,20,4.61,few clouds
113,Bulaevo,KZ,54.9056,70.4439,21.43,94,100,18.25,light snow
114,Lagoa,PT,39.05,-27.9833,59.27,81,100,21.27,overcast clouds
115,Caravelas,BR,-17.7125,-39.2481,81.16,69,0,8.1,clear sky
116,Marfino,RU,55.7028,37.3822,39.2,60,0,2.24,clear sky
117,North Bend,US,43.4065,-124.2243,48.2,81,90,13.8,overcast clouds
118,Dogondoutchi,NE,13.6393,4.0287,80.55,11,3,10.38,clear sky
119,Morozovsk,RU,48.3539,41.8261,36.57,80,100,4.43,overcast clouds
120,Samarai,PG,-10.6167,150.6667,82.06,79,92,10.94,overcast clouds
121,Coquimbo,CL,-29.9533,-71.3436,64.4,63,40,9.22,scattered clouds
122,East London,ZA,-33.0153,27.9116,66.16,73,100,11.95,overcast clouds
123,Qaanaaq,GL,77.484,-69.3632,-16.26,81,72,3.91,broken clouds
124,Tasiilaq,GL,65.6145,-37.6368,19.4,53,20,9.22,few clouds
125,Riyadh,SA,24.6877,46.7219,66.2,19,0,8.05,clear sky
126,Victoria,HK,22.2855,114.1577,75.99,88,10,5.03,clear sky
127,Guerrero Negro,MX,27.9769,-114.0611,82.04,18,26,8.41,scattered clouds
128,Payo,ID,-3.7508,103.6372,72.46,99,100,2.01,overcast clouds
129,Juigalpa,NI,12.1063,-85.3645,89.6,48,40,6.91,scattered clouds
130,Areia Branca,BR,-4.9561,-37.1369,87.8,66,40,11.5,scattered clouds
131,Presidencia Roque Saenz Pena,AR,-26.7852,-60.4388,72.0,68,89,1.99,overcast clouds
132,Alice Springs,AU,-23.7,133.8833,66.2,77,3,10.85,clear sky
133,San Cristobal,VE,7.7669,-72.225,84.2,58,40,5.79,scattered clouds
134,Bilma,NE,18.6853,12.9164,73.94,13,0,8.32,clear sky
135,Nanortalik,GL,60.1432,-45.2371,26.08,66,2,8.25,clear sky
136,Tiksi,RU,71.6872,128.8694,1.63,99,100,1.72,overcast clouds
137,Alyangula,AU,-13.8483,136.4192,81.66,78,81,13.38,broken clouds
138,Shelburne,CA,44.0787,-80.2041,44.01,100,100,19.44,overcast clouds
139,Seoul,KR,37.5683,126.9778,50.0,93,90,5.75,dust
140,Upernavik,GL,72.7868,-56.1549,-17.7,80,24,2.44,few clouds
141,Manga,BF,11.6636,-1.0731,87.98,13,0,8.16,clear sky
142,Kavieng,PG,-2.5744,150.7967,82.63,75,92,14.14,overcast clouds
143,Aklavik,CA,68.2191,-135.0107,-5.8,54,20,5.75,few clouds
144,Toamasina,MG,-18.1667,49.3833,80.6,89,75,3.44,light rain
145,Rodas,CU,22.3408,-80.5572,87.8,51,20,13.8,light rain
146,Yumen,CN,40.2833,97.2,45.63,48,31,10.36,scattered clouds
147,Warrington,GB,53.3925,-2.5802,55.4,88,90,21.85,moderate rain
148,Ahipara,NZ,-35.1667,173.1667,67.14,92,60,6.62,moderate rain
149,Merke,KZ,42.8728,73.1786,46.71,89,100,4.63,light rain
150,Srandakan,ID,-7.9386,110.2506,76.64,88,47,2.82,scattered clouds
151,Eureka,US,40.8021,-124.1637,51.01,93,90,6.87,overcast clouds
152,Cape Town,ZA,-33.9258,18.4232,70.0,72,0,6.91,clear sky
153,Geraldton,AU,-28.7667,114.6,68.0,77,1,1.14,clear sky
154,Ojinaga,MX,29.5667,-104.4167,73.4,18,1,10.36,clear sky
155,Tuatapere,NZ,-46.1333,167.6833,53.01,99,96,1.01,overcast clouds
156,Nemuro,JP,43.3236,145.575,41.52,96,100,37.76,overcast clouds
157,Sainte-Suzanne,RE,-20.9061,55.6089,77.0,78,0,3.44,clear sky
158,High Level,CA,58.5169,-117.136,24.8,93,90,18.41,light snow
159,Mingguang,CN,32.7802,117.9638,57.58,77,0,7.65,clear sky
160,Cherskiy,RU,68.75,161.3,-9.27,93,100,0.74,overcast clouds
161,Anau,PF,-16.5167,-151.7333,82.36,73,16,22.21,few clouds
162,Saint-Pierre,RE,-21.3393,55.4781,78.8,78,0,6.91,clear sky
163,Pervomayskoye,RU,43.919,46.7102,44.08,73,99,7.63,overcast clouds
164,Vila Franca Do Campo,PT,37.7167,-25.4333,59.0,82,75,9.22,broken clouds
165,Caruaru,BR,-8.2833,-35.9761,75.83,78,47,7.27,light rain
166,Praia,CV,14.9215,-23.5087,69.8,68,40,25.32,scattered clouds
167,Yerbogachen,RU,61.2767,108.0108,4.03,100,100,2.06,overcast clouds
168,Ayan,RU,56.45,138.1667,14.92,89,100,3.87,overcast clouds
169,Ormara,PK,25.2088,64.6357,78.22,81,24,10.29,few clouds
170,Ribeira Brava,PT,32.65,-17.0667,62.01,87,71,5.01,broken clouds
171,Pangkalanbuun,ID,-2.6833,111.6167,74.16,97,91,1.25,overcast clouds
172,Teacapan,MX,22.55,-105.75,79.03,44,78,12.59,broken clouds
173,Inhambane,MZ,-23.865,35.3833,77.0,73,20,6.91,few clouds
174,Ust-Barguzin,RU,53.45,108.9833,14.31,90,79,4.85,broken clouds
175,Zhigansk,RU,66.7697,123.3711,-1.75,99,100,3.31,overcast clouds
176,Mahebourg,MU,-20.4081,57.7,77.0,88,20,4.61,few clouds
177,Castro,BR,-24.7911,-50.0119,71.64,84,100,6.31,overcast clouds
178,Somerset,US,40.5668,-74.5496,63.0,94,90,13.13,mist
179,Kazanskaya,RU,45.4106,40.4361,39.6,91,81,8.12,light rain
180,Ust-Shonosha,RU,61.1531,41.343,26.26,93,98,3.87,overcast clouds
181,Klaksvik,FO,62.2266,-6.589,41.0,87,75,16.11,broken clouds
182,Praia Da Vitoria,PT,38.7333,-27.0667,62.6,72,40,15.46,scattered clouds
183,Abu Samrah,SY,35.3029,37.1841,48.29,63,3,5.5,clear sky
184,Michigan City,US,41.7075,-86.895,46.0,72,100,21.25,overcast clouds
185,Miraflores,MX,19.2167,-98.8083,84.2,14,20,9.22,few clouds
186,Torbay,CA,47.6666,-52.7314,28.99,68,75,9.22,snow
187,Roald,NO,62.5833,6.1333,42.8,75,40,10.36,scattered clouds
188,Rehoboth,NA,-23.3167,17.0833,70.79,26,5,8.88,clear sky
189,Vila Velha,BR,-20.3297,-40.2925,82.4,65,40,6.91,scattered clouds
190,Prainha,BR,-1.8,-53.48,86.11,59,72,5.23,broken clouds
191,Pangnirtung,CA,66.1451,-65.7125,5.0,51,90,3.44,overcast clouds
192,Nouadhibou,MR,20.931,-17.0347,68.0,73,0,20.71,clear sky
193,Almoloya,MX,19.7,-98.4,84.2,17,1,12.66,clear sky
194,Kushima,JP,31.4583,131.2333,52.65,89,0,7.87,clear sky
195,Caiaponia,BR,-16.9567,-51.8103,83.61,46,2,4.59,clear sky
196,Xiongzhou,CN,25.1167,114.3,72.86,80,4,2.95,clear sky
197,Vostok,RU,46.4856,135.8833,32.99,86,100,8.57,snow
198,Winnemucca,US,40.973,-117.7357,68.0,15,1,12.66,clear sky
199,Divnomorskoye,RU,44.5011,38.1353,44.96,82,51,6.35,broken clouds
200,Ilulissat,GL,69.2167,-51.1,-5.8,41,0,2.3,clear sky
201,Urukh,RU,43.2933,44.0265,41.0,81,90,8.95,overcast clouds
202,Ancud,CL,-41.8697,-73.8203,68.0,60,20,17.27,few clouds
203,College,US,64.8569,-147.8028,10.99,61,40,5.75,scattered clouds
204,Abu Dhabi,AE,24.4667,54.3667,75.2,69,0,12.66,clear sky
205,Krasnoselkup,RU,65.7,82.4667,-6.39,99,7,9.44,clear sky
206,Rio Grande,BR,-32.035,-52.0986,75.2,78,75,10.36,broken clouds
207,Mount Isa,AU,-20.7333,139.5,75.2,31,0,16.11,clear sky
208,Felipe Carrillo Puerto,MX,19.5833,-88.05,90.99,42,3,9.62,clear sky
209,Martapura,ID,-3.4167,114.85,77.0,100,40,1.14,light rain
210,Plettenberg Bay,ZA,-34.0527,23.3716,62.71,81,100,9.31,overcast clouds
211,Mizdah,LY,31.4451,12.9801,62.64,22,8,7.99,clear sky
212,Hobart,AU,-42.8794,147.3294,53.6,50,20,14.97,few clouds
213,Isangel,VU,-19.55,169.2667,78.21,83,5,5.55,clear sky
214,Tiarei,PF,-17.5333,-149.3333,86.0,62,20,3.44,light rain
215,Te Anau,NZ,-45.4167,167.7167,55.26,93,97,2.46,overcast clouds
216,Severodvinsk,RU,64.5635,39.8302,41.0,60,40,6.71,scattered clouds
217,Shizunai,JP,42.3339,142.3669,42.84,98,100,15.23,light rain
218,Beringovskiy,RU,63.05,179.3167,10.33,93,100,15.88,light snow
219,Hamilton,US,39.1834,-84.5333,46.99,66,100,3.0,overcast clouds
220,Mount Gambier,AU,-37.8333,140.7667,57.2,94,90,4.61,overcast clouds
221,Burnie,AU,-41.0667,145.9167,51.37,65,31,11.23,scattered clouds
222,Fayaoue,NC,-20.65,166.5333,80.08,77,8,15.37,clear sky
223,Buraydah,SA,26.326,43.975,62.6,29,0,8.05,clear sky
224,Lakes Entrance,AU,-37.8811,147.981,53.01,92,32,12.35,scattered clouds
225,Ballina,AU,-28.8667,153.5667,64.4,94,4,6.96,clear sky
226,Okhotsk,RU,59.3833,143.3,-3.23,97,55,6.31,broken clouds
227,Clovis,US,36.8252,-119.7029,75.99,28,1,4.61,clear sky
228,Freeport,US,40.6576,-73.5832,55.99,100,90,21.85,fog
229,Harlingen,US,26.1906,-97.6961,66.2,77,90,24.16,overcast clouds
230,Kodiak,US,57.79,-152.4072,37.4,41,75,4.61,broken clouds
231,Port Augusta,AU,-32.5,137.7667,57.2,88,0,6.91,clear sky
232,Tura,IN,25.5198,90.2201,72.54,21,0,4.12,clear sky
233,Saskylakh,RU,71.9167,114.0833,-4.18,99,98,2.19,overcast clouds
234,Bayan,CN,46.0833,127.4,41.0,60,100,6.42,overcast clouds
235,Klang,MY,3.0333,101.45,79.0,89,20,2.3,few clouds
236,Natubleng,PH,16.6965,120.7805,50.43,91,48,2.44,scattered clouds
237,Roebourne,AU,-20.7833,117.1333,87.12,46,71,7.9,broken clouds
238,Half Moon Bay,US,37.4636,-122.4286,72.0,59,1,5.75,clear sky
239,Luderitz,NA,-26.6481,15.1594,62.83,84,1,5.28,clear sky
240,Nara,JP,34.6851,135.8049,57.99,95,14,5.64,few clouds
241,Esperance,AU,-33.8667,121.9,59.0,94,40,5.75,scattered clouds
242,Onega,RU,63.9061,38.1404,34.84,90,100,6.89,overcast clouds
243,Villazon,BO,-22.0866,-65.5942,61.93,48,16,20.51,few clouds
244,Vytegra,RU,61.0064,36.4481,32.02,92,80,9.24,broken clouds
245,Sembe,CG,1.6481,14.5806,74.95,78,40,2.77,scattered clouds
246,Oktyabrskoye,RU,43.0645,44.7417,41.0,87,100,4.47,light rain
247,Leh,IN,34.1667,77.5833,39.42,60,100,6.98,overcast clouds
248,Thunder Bay,CA,48.4001,-89.3168,35.01,44,40,16.11,scattered clouds
249,Hofn,IS,64.2539,-15.2082,32.36,57,66,15.05,broken clouds
250,Shahabad,IN,27.65,79.95,77.74,20,0,5.17,clear sky
251,Gloversville,US,43.0528,-74.3438,52.0,100,90,9.22,overcast clouds
252,Awjilah,LY,29.1081,21.2869,61.84,32,75,7.27,broken clouds
253,Chuy,UY,-33.6971,-53.4616,69.37,84,93,4.61,overcast clouds
254,Abha,SA,18.2164,42.5053,64.4,72,0,0.98,clear sky
255,Codrington,AU,-38.2667,141.9667,58.37,76,100,7.18,overcast clouds
256,Channel-Port Aux Basques,CA,47.5702,-59.1367,27.27,72,50,13.49,scattered clouds
257,Laguna,US,38.421,-121.4238,75.99,32,1,5.75,clear sky
258,Sitka,US,57.0531,-135.33,37.4,65,40,13.8,scattered clouds
259,Hovd,MN,48.0056,91.6419,36.39,57,100,3.98,overcast clouds
260,Nishihara,JP,26.1842,127.7558,71.6,94,75,3.44,broken clouds
261,Kruisfontein,ZA,-34.0033,24.7314,64.0,73,100,5.01,overcast clouds
262,Ust-Koksa,RU,50.2696,85.6108,29.5,97,100,2.91,light snow
263,Rosarito,MX,32.3333,-117.0333,84.2,15,1,4.61,clear sky
264,Diego De Almagro,CL,-26.3667,-70.05,78.93,19,0,13.6,clear sky
265,Mandalgovi,MN,45.7625,106.2708,28.81,32,0,7.92,clear sky
266,Marsa Matruh,EG,31.3525,27.2453,59.0,58,20,9.22,few clouds
267,Fort Nelson,CA,58.8053,-122.7002,10.4,85,90,19.57,snow
268,Benguela,AO,-12.5763,13.4055,78.49,79,62,2.8,broken clouds
269,Jardim,BR,-21.4803,-56.1381,90.57,37,41,9.44,scattered clouds
270,Prabumulih,ID,-3.45,104.25,73.36,98,97,2.46,overcast clouds
271,Krutinka,RU,56.0055,71.5113,22.39,94,100,18.88,snow
272,Kolokani,ML,13.5728,-8.0339,92.97,14,94,8.3,overcast clouds
273,Husavik,IS,66.0449,-17.3389,33.8,47,20,8.05,few clouds
274,Le Port,RE,-20.9373,55.2919,78.8,78,0,3.44,clear sky
275,Dudinka,RU,69.4058,86.1778,-9.27,99,69,9.55,broken clouds
276,Lompoc,US,34.6391,-120.4579,75.99,43,0,6.91,clear sky
277,Zhicheng,CN,30.2956,111.5047,62.01,88,0,4.94,light rain
278,Port-Gentil,GA,-0.7193,8.7815,82.4,78,90,11.5,light rain
279,Loikaw,MM,19.6742,97.2094,69.73,36,50,3.31,scattered clouds
280,Bambous Virieux,MU,-20.3428,57.7575,78.01,88,20,4.61,few clouds
281,Beloha,MG,-25.1667,45.05,71.06,83,15,3.02,few clouds
282,Maloy,NO,61.9353,5.1136,44.01,81,20,17.27,few clouds
283,Bethel,US,41.3712,-73.414,53.6,94,90,5.75,fog
284,Taguatinga,BR,-12.3857,-46.5711,90.95,36,12,0.16,few clouds
285,Dukat,RU,62.55,155.55,-9.78,91,92,4.09,overcast clouds
286,Alofi,NU,-19.0595,-169.9187,80.6,89,3,12.66,light rain
287,Hay River,CA,60.8156,-115.7999,15.8,73,100,16.11,light snow
288,Banda Aceh,ID,5.5577,95.3222,78.21,81,94,3.58,overcast clouds
289,Namuac,PH,18.6109,121.1657,75.33,88,65,3.89,broken clouds
290,Hami,CN,42.8,93.45,58.33,25,61,9.69,broken clouds
291,Faanui,PF,-16.4833,-151.75,82.53,73,16,22.3,few clouds
292,Puerto Madryn,AR,-42.7692,-65.0385,70.66,43,99,12.8,overcast clouds
293,Hashtrud,IR,37.4779,47.0508,39.97,45,0,1.7,clear sky
294,Necochea,AR,-38.5473,-58.7368,69.01,76,26,4.0,scattered clouds
295,Gat,IL,31.61,34.7642,57.0,1,1,5.03,clear sky
296,Sinnamary,GF,5.3833,-52.95,79.93,79,98,14.16,moderate rain
297,Mogok,MM,22.9167,96.5,70.34,30,100,2.19,overcast clouds
298,Aktash,RU,50.3,87.7333,15.42,93,100,4.12,overcast clouds
299,Praya,CV,14.9215,-23.5087,69.8,68,40,25.32,scattered clouds
300,Calvinia,ZA,-31.4707,19.776,69.87,26,56,1.21,broken clouds
301,Tautira,PF,-17.7333,-149.15,86.0,62,20,3.44,light rain
302,Odweyne,SO,9.4092,45.064,74.35,38,32,11.9,scattered clouds
303,Iqaluit,CA,63.7506,-68.5145,14.0,73,75,13.8,light snow
304,Kununurra,AU,-15.7667,128.7333,75.2,94,100,4.14,overcast clouds
305,Launceston,AU,-41.45,147.1667,48.0,65,5,3.44,clear sky
306,Yanam,IN,16.7333,82.2167,74.34,93,4,1.77,clear sky
307,Byron Bay,AU,-28.65,153.6167,64.4,94,2,7.63,clear sky
308,Ayios Yeoryios,GR,38.4,22.9333,51.01,59,0,4.0,clear sky
309,Frederico Westphalen,BR,-27.3592,-53.3944,81.0,70,96,3.0,overcast clouds
310,Richards Bay,ZA,-28.783,32.0377,69.4,73,98,6.35,overcast clouds
311,Karratha,AU,-20.7377,116.8463,87.04,45,74,6.82,broken clouds
312,Manono,CD,-7.3,27.4167,70.83,90,98,3.31,light rain
313,Sur,OM,22.5667,59.5289,83.57,39,94,8.08,overcast clouds
314,Salalah,OM,17.0151,54.0924,80.6,61,0,3.44,clear sky
315,Healdsburg,US,38.6105,-122.8692,75.0,26,0,4.16,clear sky
316,Kielce,PL,50.8703,20.6275,39.0,1,32,4.32,scattered clouds
317,Adrar,MR,20.5022,-10.0711,84.99,7,100,7.02,overcast clouds
318,Macusani,PE,-14.0833,-70.4333,43.65,81,97,7.0,overcast clouds
319,The Pas,CA,53.8251,-101.2541,30.2,80,90,21.85,light snow
320,Bathsheba,BB,13.2167,-59.5167,82.4,61,40,20.71,scattered clouds
321,Kyra,RU,49.5776,111.9753,20.57,78,7,4.83,clear sky
322,Songkhla,TH,6.8333,100.6667,75.2,100,75,4.61,broken clouds
323,Port Blair,IN,11.6667,92.75,80.91,75,35,3.2,scattered clouds
324,Vardo,NO,70.3705,31.1107,32.0,80,20,12.66,few clouds
325,Jacmel,HT,18.2342,-72.5347,91.4,38,20,16.11,few clouds
326,La Peca,PE,-5.6111,-78.435,80.26,63,67,2.55,light rain
327,Jieshi,CN,22.8134,115.8257,75.0,90,3,7.49,clear sky
328,Anori,BR,-3.7728,-61.6442,83.28,75,84,3.69,broken clouds
329,Carupano,VE,10.6678,-63.2585,80.06,76,30,12.46,scattered clouds
330,Zabol,AF,32.25,67.25,58.86,28,0,10.92,clear sky
331,Kemi,FI,65.8596,24.8228,37.4,93,0,11.5,clear sky
332,Presque Isle,US,46.6811,-68.0159,32.0,86,90,16.11,light snow
333,Gorin,RU,51.1983,136.6669,28.62,97,100,4.76,overcast clouds
334,Kargil,IN,34.5667,76.1,33.87,90,95,7.43,light snow
335,Nagapattinam,IN,10.7667,79.8333,80.55,81,60,8.52,broken clouds
336,San Policarpo,PH,12.1791,125.5072,80.02,82,100,9.75,overcast clouds
337,Egvekinot,RU,66.3167,-179.1667,7.83,92,100,13.31,light snow
338,Lanivtsi,UA,49.8633,26.0908,36.36,79,75,11.39,broken clouds
339,Tornabe,HN,15.75,-87.55,87.8,74,20,11.5,few clouds
340,Brownwood,US,31.7093,-98.9912,68.0,26,1,11.5,clear sky
341,Bay Roberts,CA,47.5999,-53.2648,30.0,65,97,1.99,overcast clouds
342,Denpasar,ID,-8.65,115.2167,77.0,94,40,2.3,light rain
343,Makakilo City,US,21.3469,-158.0858,77.0,60,1,10.36,clear sky
344,Quelimane,MZ,-17.8786,36.8883,78.8,89,20,2.3,few clouds
345,Karad,IN,17.2833,74.2,77.4,64,86,5.41,overcast clouds
346,Dwarka,IN,22.2394,68.9678,78.58,75,33,12.59,scattered clouds
347,Puerto Escondido,MX,15.85,-97.0667,87.8,74,1,6.91,clear sky
348,Rancho Palos Verdes,US,33.7445,-118.387,80.6,14,1,6.67,clear sky
349,Dubbo,AU,-32.25,148.6167,50.0,93,61,9.22,broken clouds
350,Davila,PH,18.4726,120.5763,77.45,83,68,5.53,broken clouds
351,Prince Rupert,CA,54.3161,-130.3201,39.2,80,90,13.8,light snow
352,Pevek,RU,69.7008,170.3133,-21.19,100,66,1.68,broken clouds
353,Turbat,PK,26.0023,63.044,80.46,47,77,1.95,broken clouds
354,Destin,US,30.3935,-86.4958,80.01,78,90,9.22,overcast clouds
355,Mezen,RU,65.8522,44.24,35.4,94,100,8.08,overcast clouds
356,Anadyr,RU,64.75,177.4833,14.0,79,75,17.9,snow
357,Taraza,CO,7.5836,-75.4007,86.72,65,100,2.77,overcast clouds
358,Malanje,AO,-9.5402,16.341,65.08,82,65,4.29,broken clouds
359,Charleville-Mezieres,FR,49.7667,4.7167,50.0,85,100,11.99,overcast clouds
360,Macklin,CA,52.3334,-109.9348,64.4,20,36,13.8,scattered clouds
361,Rockport,US,28.0206,-97.0544,68.0,63,90,16.11,overcast clouds
362,Sisimiut,GL,66.9395,-53.6735,3.2,68,24,5.73,few clouds
363,Westport,US,41.1415,-73.3579,54.0,100,90,8.05,fog
364,Castelo Do Piaui,BR,-5.3222,-41.5525,81.21,76,50,3.44,light rain
365,Port-De-Bouc,FR,43.4,4.9833,53.6,87,0,3.44,clear sky
366,Comodoro Rivadavia,AR,-45.8667,-67.5,62.6,63,75,9.22,broken clouds
367,Dinghai,CN,26.2847,119.7936,62.6,82,0,2.24,clear sky
368,Manicore,BR,-5.8092,-61.3003,83.88,81,41,1.77,scattered clouds
369,Biak,ID,-0.9131,122.8766,75.87,89,100,8.03,overcast clouds
370,Tucurui,BR,-3.7661,-49.6725,79.9,90,79,3.06,broken clouds
371,Derzhavinsk,KZ,51.1,66.3167,12.13,95,20,8.57,few clouds
372,Mugan,CN,35.9404,101.3842,43.02,29,91,3.04,overcast clouds
373,Saint-Augustin,CA,51.226,-58.6502,21.49,69,8,10.04,clear sky
374,Surgana,IN,20.5667,73.6167,77.02,25,4,2.39,clear sky
375,Mayo,US,38.8876,-76.5119,73.99,73,20,12.66,few clouds
376,Quime,BO,-16.9833,-67.2167,53.64,86,100,7.18,overcast clouds
377,Skoghall,SE,59.3232,13.4655,39.2,100,90,10.36,overcast clouds
378,Murdochville,CA,48.9583,-65.5006,30.2,64,100,23.02,overcast clouds
379,Kisangani,CD,0.5167,25.2,76.6,64,50,1.39,scattered clouds
380,Mersin,TR,36.862,34.6509,50.0,66,0,2.3,clear sky
381,Massaguet,TD,12.4755,15.4365,86.0,10,0,13.8,dust
382,Batagay-Alyta,RU,67.8006,130.4114,-8.75,88,100,5.64,overcast clouds
383,Lodja,CD,-3.4833,23.4333,74.32,76,20,3.38,light rain
384,Mayumba,GA,-3.432,10.6554,77.86,84,100,3.47,light rain
385,Kangaatsiaq,GL,68.3065,-53.4641,-9.4,68,15,10.74,few clouds
386,Nogliki,RU,51.8333,143.1667,26.31,97,100,6.82,overcast clouds
387,Leningradskiy,RU,69.3833,178.4167,-14.22,95,99,2.91,overcast clouds
388,Rocha,UY,-34.4833,-54.3333,67.23,88,85,5.5,overcast clouds
389,Vung Tau,VN,10.346,107.0843,79.09,83,43,13.89,scattered clouds
390,Olafsvik,IS,64.8945,-23.7142,26.65,84,100,19.01,light snow
391,Weatherford,US,32.7593,-97.7972,71.01,36,0,8.01,clear sky
392,Darhan,MN,49.4867,105.9228,30.33,38,25,6.2,scattered clouds
393,Cayenne,GF,4.9333,-52.3333,82.4,74,75,14.97,broken clouds
394,Kemin,KG,42.7846,75.6892,40.14,96,100,1.77,light rain
395,Kyren,RU,51.6828,102.1408,24.49,74,95,2.44,overcast clouds
396,Nizwa,OM,22.9333,57.5333,80.42,15,32,4.76,scattered clouds
397,Salinopolis,BR,-0.6136,-47.3561,80.19,81,46,10.18,light rain
398,Ponta Delgada,PT,37.7333,-25.6667,59.0,82,75,9.22,broken clouds
399,Arti,RU,56.4234,58.5328,23.54,94,95,6.58,overcast clouds
400,Souillac,MU,-20.5167,57.5167,77.0,88,20,4.61,few clouds
401,Bilibino,RU,68.0546,166.4372,-21.6,93,58,2.8,broken clouds
402,Motygino,RU,58.1831,94.7592,31.39,98,100,4.38,light snow
403,Contamana,PE,-7.3333,-75.0167,82.92,84,100,3.06,overcast clouds
404,Zemio,CF,5.0314,25.1361,78.03,41,57,2.82,broken clouds
405,Yelkhovka,RU,53.8667,50.2832,30.2,69,20,8.95,few clouds
406,Ulladulla,AU,-35.35,150.4667,57.2,100,90,6.91,overcast clouds
407,Siilinjarvi,FI,63.0833,27.6667,39.2,75,75,10.36,broken clouds
408,Ejea De Los Caballeros,ES,42.1263,-1.1372,63.0,58,0,11.5,clear sky
409,Teguise,ES,29.0605,-13.564,66.2,82,20,2.3,few clouds
410,Christchurch,NZ,-43.5333,172.6333,60.01,94,40,1.14,scattered clouds
411,Katsuura,JP,35.1333,140.3,66.2,88,75,16.11,broken clouds
412,Benghazi,LY,32.1167,20.0667,59.34,61,100,11.92,overcast clouds
413,Jiexiu,CN,37.0244,111.9125,48.58,70,100,1.83,light rain
414,Bardiyah,LY,31.7561,25.0865,57.15,60,81,9.06,broken clouds
415,Maracaibo,VE,10.6317,-71.6406,84.96,58,100,13.91,overcast clouds
416,Tiznit,MA,29.5833,-9.5,61.7,61,0,4.76,clear sky
417,Coihaique,CL,-45.5752,-72.0662,66.2,52,40,6.91,scattered clouds
418,Kapoeta,SS,4.7717,33.5903,82.81,42,81,5.53,broken clouds
419,Baffa,PK,34.4378,73.2194,61.77,75,100,6.58,overcast clouds
420,Marsh Harbour,BS,26.5412,-77.0636,77.81,71,17,14.07,few clouds
421,Margate,GB,51.3813,1.3862,50.0,70,88,4.0,overcast clouds
422,Petropavlovsk-Kamchatskiy,RU,53.0452,158.6483,21.2,42,100,4.47,overcast clouds
423,Kanniyakumari,IN,8.0833,77.5667,82.18,74,24,5.32,few clouds
424,Corner Brook,CA,48.9667,-57.9484,33.8,29,1,5.75,clear sky
425,Sampang,ID,-7.1872,113.2394,80.6,89,20,3.44,haze
426,Ixtapa,MX,20.7,-105.2,77.0,57,40,11.5,scattered clouds
427,Lom,BG,43.8139,23.2361,49.14,57,100,12.64,overcast clouds
428,Nanakuli,US,21.3906,-158.1547,77.0,60,1,10.36,clear sky
429,Port Hardy,CA,50.6996,-127.4199,42.8,81,75,8.05,broken clouds
430,Provideniya,RU,64.3833,-173.3,11.55,91,100,22.03,snow
431,Guaimaca,HN,14.5333,-86.8167,82.4,39,40,11.5,scattered clouds
432,Moa,CU,20.6569,-74.9403,81.37,66,1,15.12,clear sky
433,Yichun,CN,47.7,128.9,35.49,98,100,3.2,light rain
434,Namibe,AO,-15.1961,12.1522,73.92,74,42,4.41,light rain
435,Mugur-Aksy,RU,50.35,90.5,21.0,92,79,3.38,broken clouds
436,Rawson,AR,-43.3002,-65.1023,66.78,51,66,14.12,broken clouds
437,Palmer,US,42.1584,-72.3287,53.01,100,90,3.44,moderate rain
438,Astoria,US,46.1879,-123.8313,46.4,87,90,24.16,moderate rain
439,Eldoret,KE,0.5204,35.2699,59.0,94,75,5.75,broken clouds
440,Padang,ID,-0.9492,100.3543,75.2,94,75,3.44,broken clouds
441,Bonavista,CA,48.6499,-53.1147,32.0,51,71,1.14,broken clouds
442,Garden City,US,42.3256,-83.331,45.0,70,90,21.85,overcast clouds
443,Grand-Santi,GF,4.25,-54.3833,77.88,94,93,4.47,light rain
444,Curuguaty,PY,-24.4694,-55.6945,74.97,82,97,3.11,overcast clouds
445,Bemidji,US,47.4736,-94.8803,42.01,30,1,8.05,clear sky
446,Kahului,US,20.8947,-156.47,75.2,64,40,20.71,scattered clouds
447,Koygorodok,RU,60.445,50.9968,25.54,96,71,5.61,broken clouds
448,Ulaangom,MN,49.9811,92.0667,21.87,88,100,4.61,light snow
449,Kieta,PG,-6.2167,155.6333,77.97,85,58,3.06,broken clouds
450,Haines Junction,CA,60.7522,-137.5108,23.0,36,9,9.22,clear sky
451,Nau,TJ,40.1525,69.3686,46.4,93,90,24.61,light rain
452,Mecca,SA,21.4267,39.8261,74.32,59,0,7.31,clear sky
453,Barkhan,PK,29.8977,69.5256,74.5,22,45,3.42,scattered clouds
454,Knysna,ZA,-34.0363,23.0471,59.0,94,0,6.91,clear sky
455,Port Macquarie,AU,-31.4333,152.9167,63.0,99,19,5.14,few clouds
456,Luanda,AO,-8.8368,13.2343,80.6,83,20,6.91,few clouds
457,La Ronge,CA,55.1001,-105.2842,37.4,70,100,8.05,overcast clouds
458,Elbistan,TR,38.2059,37.1983,33.33,65,0,0.47,clear sky
459,Kavaratti,IN,10.5669,72.642,83.62,73,100,6.33,overcast clouds
460,Poum,NC,-20.2333,164.0167,79.32,79,10,8.25,clear sky
461,Borba,BR,-4.3878,-59.5939,80.62,89,93,1.12,overcast clouds
462,Manggar,ID,-2.8833,108.2667,79.84,80,100,1.66,overcast clouds
463,Narrabri,AU,-30.3167,149.7833,55.99,87,0,6.08,clear sky
464,Galle,LK,6.0367,80.217,76.91,81,100,9.93,overcast clouds
465,Sibu,MY,2.3,111.8167,77.0,88,40,4.61,scattered clouds
466,Flinders,AU,-34.5833,150.8552,57.0,87,8,1.01,clear sky
467,Kokopo,PG,-4.352,152.2633,77.14,77,98,2.59,overcast clouds
468,Kawalu,ID,-7.3817,108.2082,72.34,96,95,0.6,overcast clouds
469,Dunedin,NZ,-45.8742,170.5036,55.0,93,41,5.7,scattered clouds
470,Rincon,US,32.296,-81.2354,86.0,48,75,18.41,broken clouds
471,Betong,TH,5.7743,101.0723,71.15,98,44,1.92,scattered clouds
472,Excelsior Springs,US,39.3392,-94.2261,57.99,40,1,11.5,clear sky
473,Hayden,US,47.766,-116.7866,52.0,54,1,20.71,clear sky
474,Sorong,ID,-0.8833,131.25,78.55,87,100,7.49,overcast clouds
475,Santiago,CL,-33.4569,-70.6483,84.0,24,0,9.22,clear sky
476,Pangai,TO,-19.8,-174.35,82.4,83,20,13.8,light rain
477,Henties Bay,NA,-22.116,14.2845,61.0,90,0,5.99,clear sky
478,Porto Velho,BR,-8.7619,-63.9039,89.6,55,40,2.3,light rain
479,Palm Beach,US,26.6503,-80.4498,87.01,60,0,5.01,clear sky
480,Sainte-Marie,RE,-20.8968,55.5496,77.0,78,0,3.44,clear sky
481,Nakhon Sawan,TH,15.7,100.0833,82.99,78,74,7.18,broken clouds
482,Paita,PE,-5.0892,-81.1144,89.6,43,20,13.8,few clouds
483,Marsaxlokk,MT,35.8419,14.5431,59.0,94,0,6.91,clear sky
484,Garissa,KE,-0.4536,39.6401,86.36,47,94,12.66,overcast clouds
485,Pericos,MX,25.05,-107.7,86.0,30,75,9.22,broken clouds
486,Hereford,GB,52.0568,-2.7148,52.0,84,100,14.0,overcast clouds
487,Acarau,BR,-2.8856,-40.12,80.49,76,20,7.54,few clouds
488,Wagar,SD,16.1525,36.2032,76.53,58,0,15.17,clear sky
489,Caraquet,CA,47.7941,-64.9386,28.4,69,100,9.22,overcast clouds
490,Constitucion,CL,-35.3333,-72.4167,67.5,47,0,3.67,clear sky
491,Bani,DO,18.2833,-70.3333,86.0,62,75,9.22,broken clouds
492,Macia,MZ,-25.0269,33.0989,70.77,75,14,8.28,few clouds
493,Wittmund,DE,53.5667,7.7833,48.2,87,100,16.11,overcast clouds
494,Tacuarembo,UY,-31.7333,-55.9833,68.09,65,53,11.9,broken clouds
495,Bubaque,GW,11.2833,-15.8333,75.83,72,0,16.71,clear sky
496,Vrangel,RU,42.7297,133.0839,36.81,99,84,4.79,broken clouds
497,Dingle,PH,10.9995,122.6711,76.23,89,100,6.17,overcast clouds
498,Kalabo,ZM,-14.97,22.6814,70.95,69,97,4.79,overcast clouds
499,Winton,US,37.3894,-120.6133,75.2,31,1,2.19,clear sky
500,Narsaq,GL,60.9167,-46.05,24.8,58,0,6.91,clear sky
501,Lewiston,US,44.1003,-70.2148,41.0,100,90,12.66,moderate rain
502,Pisco,PE,-13.7,-76.2167,77.0,57,0,16.11,clear sky
503,Kysyl-Syr,RU,63.8986,122.7617,5.38,99,88,3.0,overcast clouds
504,Ende,ID,-8.8432,121.6623,77.65,87,85,0.98,overcast clouds
505,Tenenkou,ML,14.4572,-4.9169,88.59,8,0,9.28,clear sky
506,Agadez,NE,19.75,10.25,68.25,14,0,5.66,clear sky
507,Durusu,TR,41.3053,28.6767,52.0,81,0,1.14,clear sky
508,Langsa,ID,4.4683,97.9683,75.02,95,99,0.85,light rain
509,Muravlenko,RU,63.7898,74.523,1.54,97,88,9.6,overcast clouds
510,Aljezur,PT,37.3191,-8.8033,59.77,79,100,6.98,overcast clouds
511,Cap-Aux-Meules,CA,47.3821,-61.8597,30.2,69,92,10.36,overcast clouds
512,Murmashi,RU,68.8154,32.8115,37.4,81,40,4.47,scattered clouds
513,Miyazu,JP,35.5333,135.1833,54.59,95,81,2.57,broken clouds
514,Nivala,FI,63.9167,24.9667,39.0,77,88,8.01,overcast clouds
515,Nata,PA,8.3333,-80.5167,95.0,38,20,17.27,few clouds
516,Hirara,JP,24.8,125.2833,74.46,86,6,1.45,clear sky
517,Qasigiannguit,GL,68.8193,-51.1922,-5.8,41,0,2.3,clear sky
518,Logan,US,41.7355,-111.8344,59.0,33,1,5.75,clear sky
519,Woodward,US,36.4337,-99.3904,64.4,24,1,4.61,clear sky
520,Hanzhong,CN,33.0728,107.0303,59.09,69,10,2.19,clear sky
521,Severo-Yeniseyskiy,RU,60.3725,93.0408,11.55,98,100,1.19,overcast clouds
522,Pingyin,CN,36.2831,116.4453,61.0,30,100,8.23,overcast clouds
523,Skibotn,NO,69.3913,20.2679,33.8,64,0,6.91,clear sky
524,Davidson,US,36.1501,-86.7833,60.8,36,40,19.57,scattered clouds
525,Masterton,NZ,-40.9597,175.6575,63.0,93,100,4.0,light rain
526,Saldanha,ZA,-33.0117,17.9442,68.0,49,100,5.75,overcast clouds
527,Qixia,CN,37.2975,120.8256,46.99,65,100,4.85,overcast clouds
528,Tecozautla,MX,20.5333,-99.6333,84.2,11,40,9.22,scattered clouds
529,Havoysund,NO,70.9963,24.6622,35.6,75,20,11.5,few clouds
530,Bitam,GA,2.076,11.5007,70.2,96,81,3.78,light rain
531,Dzaoudzi,YT,-12.7887,45.2699,82.4,83,20,5.75,few clouds
532,Scarborough,GB,54.2797,-0.4044,55.0,83,100,7.0,light rain
533,La Rioja,ES,42.25,-2.5,62.6,42,0,5.75,clear sky
534,Deputatskiy,RU,69.3,139.9,0.25,96,100,3.78,overcast clouds
535,Nelson Bay,AU,-32.7167,152.15,63.0,100,40,4.61,scattered clouds
536,Ternate,ID,0.8,127.4,78.13,87,100,9.48,overcast clouds
537,Vitim,RU,59.4511,112.5578,9.46,98,100,1.45,overcast clouds
538,Cheney,US,47.4874,-117.5758,50.0,57,75,17.27,broken clouds
539,Ostersund,SE,63.1792,14.6357,34.0,100,90,12.66,mist
540,Sapele,NG,5.8941,5.6767,81.61,71,4,6.02,clear sky
541,Svetlaya,RU,46.5389,138.3297,34.14,96,100,18.59,light snow
542,Lima,PE,-12.0432,-77.0282,77.0,64,0,9.22,clear sky
543,Jimma,ET,7.6667,36.8333,62.67,72,99,1.1,overcast clouds
544,Flin Flon,CA,54.7682,-101.865,28.4,74,90,9.22,snow
545,Karpathos,GR,35.507,27.2132,55.4,62,0,11.5,clear sky
546,Orje,NO,59.4802,11.6602,41.0,95,100,1.99,overcast clouds
547,Kosh-Agach,RU,50.0,88.6667,19.71,96,92,3.09,overcast clouds
548,Prince George,CA,53.9166,-122.753,34.0,74,1,11.5,clear sky
549,Cabedelo,BR,-6.9811,-34.8339,84.2,70,75,9.22,broken clouds
550,Chermoz,RU,58.787,56.1489,26.01,92,96,10.09,overcast clouds
551,Orillia,CA,44.6087,-79.4207,44.6,87,100,20.71,overcast clouds
552,Yining,CN,29.0361,114.5636,62.02,89,17,1.79,few clouds
553,Carora,VE,10.1755,-70.0827,87.76,41,100,14.03,overcast clouds
554,Visby,SE,57.6409,18.296,39.99,93,90,20.71,moderate rain
555,Hasaki,JP,35.7333,140.8333,62.6,100,75,18.41,broken clouds
556,Urumqi,CN,43.801,87.6005,50.0,81,90,4.47,overcast clouds
557,Fairlie,GB,55.756,-4.8556,53.6,94,90,29.93,overcast clouds
558,Lorengau,PG,-2.0226,147.2712,82.04,76,100,7.83,overcast clouds
559,Yar-Sale,RU,66.8333,70.8333,-12.75,99,19,8.86,few clouds
560,West Hartford,US,41.762,-72.742,55.0,94,100,12.24,light rain
561,Cabo San Lucas,MX,22.8909,-109.9124,81.0,35,75,8.05,broken clouds
562,Warrnambool,AU,-38.3833,142.4833,53.01,94,100,7.74,overcast clouds
563,Libertador General San Martin,AR,-23.8064,-64.7876,66.88,68,87,3.4,overcast clouds
564,La Asuncion,VE,11.0333,-63.8628,78.98,76,9,17.22,clear sky
565,Bolitoc,PH,15.7395,119.8769,77.99,82,99,7.83,overcast clouds
566,Saint-Francois,FR,46.4154,3.9054,48.2,66,0,3.44,clear sky
567,Camopi,GF,3.1655,-52.3158,75.63,97,100,4.54,heavy intensity rain
568,Valparaiso,CL,-33.0393,-71.6273,62.6,72,20,6.91,few clouds
569,Kilrush,IE,52.6397,-9.4833,57.2,88,75,21.85,broken clouds
570,Norman Wells,CA,65.282,-126.8329,-4.0,65,75,19.57,broken clouds
571,Tecoanapa,MX,16.5167,-98.75,85.59,48,0,11.12,clear sky
572,Springfield,US,37.2153,-93.2982,57.0,35,1,17.27,clear sky
573,Genhe,CN,50.7833,121.5167,30.25,97,100,6.2,light snow
574,Grindavik,IS,63.8424,-22.4338,32.0,86,75,1.14,broken clouds
575,Prien,US,30.1819,-93.2738,66.2,52,90,21.85,light rain
576,Lukang,TW,24.0567,120.4352,73.0,100,75,2.3,fog
577,Akdepe,TM,42.0551,59.3788,44.6,70,0,6.91,clear sky
578,Pueblo Nuevo,MX,23.3833,-105.3833,77.74,9,100,6.76,overcast clouds
579,Sao Joao Da Barra,BR,-21.6403,-41.0511,86.0,66,20,6.91,few clouds
580,Tessalit,ML,20.1986,1.0114,76.44,8,0,11.74,clear sky
581,Khasan,RU,42.4308,130.6434,40.68,92,100,4.63,overcast clouds
582,Roma,US,43.2128,-75.4557,55.99,82,90,9.22,light rain
583,Longyearbyen,SJ,78.2186,15.6401,32.0,74,20,2.3,few clouds
584,Ayagoz,KZ,47.9714,80.4392,33.01,95,99,7.45,overcast clouds
585,Russell,US,32.3502,-85.1999,69.8,83,90,6.91,overcast clouds
586,Grande Prairie,CA,55.1667,-118.8027,35.6,69,90,17.27,overcast clouds
587,Kirakira,SB,-10.4544,161.9205,79.38,83,71,6.13,broken clouds
588,Acapulco,MX,16.8634,-99.8901,84.2,61,1,11.5,clear sky
589,Sault Sainte Marie,CA,46.5168,-84.3333,35.6,69,90,19.57,overcast clouds
590,Solnechnyy,RU,50.7214,136.6319,28.6,97,100,4.5,overcast clouds
591,Lundazi,ZM,-12.2929,33.1782,65.14,94,100,8.21,overcast clouds
592,Zomin,UZ,39.9606,68.3958,39.63,94,100,8.7,light rain
593,Kaduqli,SD,11.0167,29.7167,81.37,12,0,13.33,clear sky
594,Imeni Stepana Razina,RU,54.8932,44.2963,25.66,94,94,6.15,overcast clouds
595,Puerto Carreno,CO,6.189,-67.4859,89.98,45,100,6.31,overcast clouds
596,Katobu,ID,-4.9408,122.5276,75.47,92,100,5.23,overcast clouds
597,Aktas,KZ,49.7789,72.9608,30.2,86,90,13.42,light snow
598,Gardner,US,42.5751,-71.9981,44.6,100,90,3.44,mist
599,Korsakov,RU,46.6328,142.7813,32.0,93,75,17.9,light rain
600,Freetown,SL,8.484,-13.2299,84.2,61,2,10.36,haze
601,Lubaczow,PL,50.157,23.1234,39.99,74,13,4.0,few clouds
602,Noumea,NC,-22.2763,166.4572,79.0,88,0,1.14,clear sky
603,Jilotepec,MX,19.6,-96.9333,80.73,37,84,5.79,broken clouds
604,Lishui,CN,28.4604,119.9103,62.26,97,2,2.91,clear sky
605,Nianzishan,CN,47.5167,122.8833,38.86,82,92,10.18,overcast clouds
606,Portland,US,45.5234,-122.6762,50.0,66,90,9.22,overcast clouds
607,Lasa,IT,46.6166,10.7002,59.0,56,0,3.44,clear sky
608,Chapais,CA,49.7834,-74.8492,30.2,93,90,9.22,snow
609,Vila,PT,42.0304,-8.1588,60.8,55,0,3.44,clear sky
610,Dharchula,IN,29.85,80.5333,60.96,39,47,6.73,scattered clouds
611,Santa Cruz,BO,-17.8,-63.1667,80.6,53,40,9.22,scattered clouds
612,Cap Malheureux,MU,-19.9842,57.6142,78.01,79,1,2.15,clear sky
613,Esna,EG,25.2934,32.554,69.8,26,0,3.44,clear sky
614,Sioux Lookout,CA,50.1001,-91.917,30.2,43,40,9.22,scattered clouds
615,Sosnogorsk,RU,63.6023,53.8817,31.53,95,100,7.63,overcast clouds
616,Motala,SE,58.5371,15.0365,41.0,93,90,13.8,moderate rain
617,San Fernando,PH,15.0286,120.6898,78.8,78,75,4.61,broken clouds
618,Suez,EG,29.9737,32.5263,55.85,57,0,11.43,clear sky
619,Zavyalovo,RU,54.5053,82.4484,30.2,93,90,4.47,snow
620,Pangody,RU,65.85,74.4859,-8.0,99,83,8.66,broken clouds
621,Polis,CY,35.0367,32.4264,50.0,62,40,3.44,scattered clouds
622,Itarema,BR,-2.9248,-39.9167,80.38,76,12,6.6,few clouds
623,Ilebo,CD,-4.3167,20.5833,73.2,89,95,2.95,light rain
624,Macau,MO,22.2006,113.5461,75.2,88,40,5.75,scattered clouds
625,Farah,AF,32.5,62.5,59.07,34,0,8.66,clear sky
626,Sistranda,NO,63.7256,8.834,42.8,87,75,4.61,light rain
627,Lata,PT,40.1629,-8.3327,68.0,52,0,6.91,clear sky
628,Fenoarivo,MG,-18.933,47.4354,66.2,88,20,5.75,few clouds
629,Gamba,GA,-2.65,10.0,76.91,88,100,5.23,moderate rain
630,Eirunepe,BR,-6.6603,-69.8736,80.98,79,92,3.02,overcast clouds
631,Jiuquan,CN,39.7432,98.5174,46.04,48,38,6.44,scattered clouds
632,Evensk,RU,61.95,159.2333,-10.03,90,98,4.32,overcast clouds
633,Filadelfia,US,39.9523,-75.1638,66.99,94,90,13.8,overcast clouds
634,Tual,ID,-5.6667,132.75,83.16,76,100,16.28,light rain
635,Sun Valley,US,39.5963,-119.776,68.0,12,1,12.66,clear sky
636,Plock,PL,52.5468,19.7064,39.2,75,0,6.91,clear sky
637,Price,US,39.5994,-110.8107,51.8,30,1,5.93,clear sky
638,Andenes,NO,69.3143,16.1194,37.4,65,0,16.11,clear sky
639,San Carlos De Bariloche,AR,-41.1456,-71.3082,77.0,13,0,4.61,clear sky
640,Lubao,PH,14.9167,120.55,78.8,78,75,4.61,broken clouds
641,Tynda,RU,55.1667,124.7167,26.76,97,100,3.69,light snow
642,Enshi,CN,30.3,109.4833,60.08,79,5,1.81,clear sky
643,Saint-Georges,GD,12.0564,-61.7485,82.4,74,75,17.27,broken clouds
644,Palmeira,BR,-25.4294,-50.0064,70.77,86,100,4.29,overcast clouds
645,Beysehir,TR,37.6773,31.7246,38.23,66,0,4.68,clear sky
646,Porto Murtinho,BR,-21.6989,-57.8825,88.05,45,54,3.85,broken clouds
647,Teruel,ES,40.6667,-0.6667,51.8,54,0,13.8,clear sky
648,Pasni,PK,25.2631,63.471,78.3,77,99,7.29,overcast clouds
649,Asau,RO,46.4333,26.4,37.99,58,97,2.75,overcast clouds
650,Alakurtti,RU,66.9672,30.3491,37.0,92,99,3.76,overcast clouds
651,Qaqortoq,GL,60.7167,-46.0333,24.8,58,0,6.91,clear sky
652,Nurota,UZ,40.5614,65.6886,42.8,93,90,13.8,mist
653,San Matias,BO,-16.3667,-58.4,95.27,31,34,2.93,scattered clouds
654,Omboue,GA,-1.5746,9.2618,77.72,88,100,10.45,moderate rain
655,Chabahar,IR,25.2919,60.643,80.35,63,100,11.34,overcast clouds
656,Sfantu Gheorghe,RO,45.8667,25.7833,39.99,78,89,7.43,overcast clouds
657,Bure,ET,10.7,37.0667,67.17,45,100,3.38,overcast clouds
658,Nyaunglebin,MM,17.95,96.7333,75.06,64,5,5.35,clear sky
659,Mugumu,TZ,-1.85,34.7,62.38,83,80,4.03,broken clouds
660,Gikongoro,RW,-2.464,29.5739,57.74,92,56,3.44,light rain
661,Xique-Xique,BR,-10.8218,-42.7263,89.01,38,42,0.65,scattered clouds
662,Pingdu,CN,36.7844,119.9464,48.2,61,96,2.24,haze
663,Sherbakul,RU,54.6316,72.3963,26.6,93,75,11.18,light snow
664,Aron,IN,24.3833,77.4167,82.85,13,1,5.82,clear sky
665,Yeniseysk,RU,58.4497,92.1703,31.14,98,100,2.46,light snow
666,Aksu,CN,41.1231,80.2644,57.15,36,100,4.61,overcast clouds
667,Svetlyy,RU,54.675,20.1347,42.8,70,0,8.95,clear sky
668,Kasempa,ZM,-13.4584,25.8338,62.85,93,66,4.18,broken clouds
669,Fare,PF,-16.7,-151.0167,81.97,73,18,21.34,light rain
670,Chkalovsk,RU,56.7647,43.2433,26.6,59,0,5.28,clear sky
671,Sabzevar,IR,36.2126,57.6819,41.52,47,0,10.67,clear sky
672,Mareeba,AU,-17.0,145.4333,78.8,73,75,11.5,broken clouds
673,Zarubino,RU,42.63,131.0922,38.86,95,100,7.87,overcast clouds
674,Auki,SB,-8.7676,160.7034,78.01,86,36,3.29,scattered clouds
675,Meulaboh,ID,4.1363,96.1285,77.27,86,96,2.37,overcast clouds
676,Bundaberg,AU,-24.85,152.35,71.01,88,72,8.05,broken clouds
677,Kabare,CD,-2.4683,28.8242,59.99,91,68,1.61,broken clouds
678,Bowen,AU,-20.0167,148.2333,69.8,94,11,6.91,few clouds
679,Arraias,BR,-12.9288,-46.9437,83.89,48,59,2.98,broken clouds
680,Veraval,IN,20.9,70.3667,77.88,76,4,12.01,clear sky
681,Sampit,ID,-2.5333,112.95,73.71,98,100,0.65,light rain
682,Bandarbeyla,SO,9.4942,50.8122,78.62,73,9,6.35,clear sky
683,Hermosillo,MX,29.0667,-110.9667,90.0,5,1,9.22,clear sky
684,Pontes E Lacerda,BR,-15.2261,-59.3353,82.94,66,70,3.53,broken clouds
685,Janossomorja,HU,47.7862,17.136,44.6,57,0,1.14,clear sky
686,Nalut,LY,30.3333,10.85,65.89,17,87,10.74,overcast clouds
687,Aguimes,ES,27.9054,-15.4461,70.0,68,20,6.91,few clouds
688,Uthal,PK,25.8072,66.6219,77.25,76,21,6.51,few clouds
689,Svetlogorsk,BY,52.6333,29.7333,38.97,96,100,9.51,overcast clouds
690,Pulsano,IT,40.3821,17.3564,57.99,74,0,0.63,clear sky
691,Ugoofaaru,MV,5.6667,73.0,84.02,70,57,11.48,broken clouds
692,Tilichiki,RU,60.4667,166.1,-6.86,91,13,6.69,few clouds
693,Seagoville,US,32.6396,-96.5383,70.0,32,1,19.57,clear sky
694,Waingapu,ID,-9.6567,120.2641,78.84,83,100,6.2,heavy intensity rain
695,Klyuchi,RU,52.2667,79.1667,32.11,97,100,14.58,overcast clouds
696,Miles City,US,46.4083,-105.8406,69.8,14,1,26.46,clear sky
697,Haimen,CN,23.1935,116.6142,71.6,88,0,2.24,mist
698,Gizo,SB,-8.103,156.8419,82.65,74,25,7.34,scattered clouds
699,Pocone,BR,-16.2567,-56.6228,95.36,30,17,5.06,few clouds
700,Ahuimanu,US,21.4447,-157.8378,77.0,53,75,13.8,broken clouds
701,Gimli,CA,50.6336,-96.9907,33.8,55,100,14.97,overcast clouds
702,Ozinki,RU,51.1786,49.6769,32.04,98,100,13.67,snow
703,Verkhoyansk,RU,67.5447,133.385,-7.89,100,100,2.91,overcast clouds
